Workbook

Sheet sum
A1: add_id | B1: s | C1: app_notes | D1: deadline_target | E1: add_posting | F1: add_how_apply | G1: good_match | H1: recruitment_officer | I1: app_status | J1: outcome | K1: network email | L1: when? | M1: institution | N1: location | O1: country | P1: add_rank | Q1: add_field | R1: add_category | S1: review_deadline | T1: other_link | U1: need_cover_letter | V1: need_RS | W1: need_TS
A2: fashion | D2: 45902 | E2: JOE | F2: https://fitnyc.interviewexchange.com/jobofferdetails.jsp?JOBID=190784 | G2: 1 | I2: late app | J2: no news | M2: Fashion Institute of Technology | N2: #VALUE! | O2: {=_FV(N2,"Name")} -> United States | P2: assistant | R2: research | S2: 45902 | U2: 1 | V2: 0 | W2: 1
A3: simon_frazer_1 | D3: 45931 | E3: EJM | F3: EJM | I3: completed | J3: no news | M3: Simon Fraser University | N3: #VALUE! | O3: {=_FV(N3,"Name")} -> United States | P3: assistant | Q3: applied micro | R3: research | S3: 45931 | T3: {=_FV(N3,"Name")} -> United States | U3: 1 | V3: 1 | W3: 1
A4: macmaster_1 | D4: 45931 | E4: EJM | F4: EJM | I4: completed | J4: rejected | M4: McMaster University | N4: #VALUE! | O4: {=_FV(N4,"Name")} -> United States | P4: assistant | Q4: applied micro | R4: research | S4: 45931 | U4: 1 | V4: 1 | W4: 1
A5: american_u_2 | D5: 45931 | E5: https://american.wd1.myworkdayjobs.com/AU/job/Main-Campus-Washington-DC/Assistant-Professor--Tenure-Track----Department-of-Politics--Governance---Economics_R2983-1 | I5: abandoned | J5: no news | M5: American University | N5: #VALUE! | O5: {=_FV(N5,"Name")} -> United States | P5: assistant | R5: research | S5: 45931 | U5: 1 | V5: 0 | W5: 1
A6: american_u_1 | D6: 45931 | E6: https://american.wd1.myworkdayjobs.com/en-US/AU/job/Assistant-Professor--Tenure-Track----Department-of-Environment--Development---Health_R2984 | I6: completed | J6: no news | M6: American University | N6: #VALUE! | O6: {=_FV(N6,"Name")} -> United States | P6: assistant | Q6: development | R6: research | S6: 45931 | U6: 1 | V6: 0 | W6: 1
A7: rovira_1 | D7: 45940 | E7: EJM | G7: 1 | H7: Ferran Mañé (e-mail: ferran.mane@urv.cat) | I7: completed | J7: no news | K7: YES | L7: 45976 | M7: Universitat Rovira i Virgili | N7: #VALUE! | O7: {=_FV(N7,"Name")} -> Spain | P7: assistant | R7: research | S7: 45940 | U7: 1 | V7: 0 | W7: 0
A8: waseda_1 | D8: 45940 | E8: JOE | F8: https://www.wasedapse.jp/en/fpse2/eng_input.php | G8: 1 | I8: abandoned | J8: no news | M8: Waseda University | N8: #VALUE! | O8: {=_FV(N8,"Name")} -> Japan | P8: assistant | Q8: applied micro | R8: research | S8: 45940 | T8: https://www.waseda.jp/fpse/pse/news-en/2025/08/05/24591/ | U8: 1 | V8: 1 | W8: 1
A9: babson_2 | D9: 45940 | E9: https://babson.peopleadmin.com/postings/6545 | I9: completed | J9: no news | M9: Babson College | N9: #VALUE! | O9: {=_FV(N9,"Name")} -> United States | P9: assistant | Q9: macroeconomics | R9: research | S9: 45940 | U9: 1 | V9: 1 | W9: 1
A10: babson_1 | D10: 45940 | E10: https://babson.peopleadmin.com/postings/6541 | I10: abandoned | J10: no news | M10: Babson College | N10: #VALUE! | O10: {=_FV(N10,"Name")} -> United States | P10: adjunct | R10: research | S10: 45940 | U10: 1 | V10: 0 | W10: 1
A11: tennessee | D11: 45945 | E11: https://apply.interfolio.com/172616 | I11: completed | J11: no news | M11: The University of Tennessee at Chattanooga | N11: #VALUE! | O11: {=_FV(N11,"Name")} -> United States | P11: assistant | R11: research | S11: 45945 | U11: 1 | V11: 1 | W11: 1
A12: oecd_1 | D12: 45945 | E12: EJM | F12: mathieu.miranda@oecd.org | I12: completed | J12: rejected | M12: OECD | N12: #VALUE! | O12: {=_FV(N12,"Name")} -> France | R12: research | S12: 45945 | T12: https://forms.office.com/Pages/ResponsePage.aspx?id=1MdBrGEfDUaw9PySWitHHPCJevCMDFdChZ_htgD0RItUN0NJUjcwQlFOQUhUU0dLSkdONVY3U1g3OS4u | U12: 1 | V12: 0 | W12: 0
A13: idb_1 | D13: 45945 | E13: https://jobs.iadb.org/job/Economics-Specialist/1922-en_US/ | I13: completed | J13: rejected | M13: IDB | N13: #VALUE! | O13: {=_FV(N13,"Name")} -> United States | R13: research | S13: 45945 | U13: 1 | V13: 0 | W13: 0
A14: cum_madrid_2 | D14: 45945 | E14: EJM | I14: late app | J14: no news | M14: Universidad Complutense de Madrid | N14: #VALUE! | O14: {=_FV(N14,"Name")} -> Spain | P14: assistant | R14: research | S14: 45945 | U14: 1 | V14: 0 | W14: 0
A15: cum_madrid_1 | D15: 45945 | E15: EJM | I15: late app | J15: no news | M15: Universidad Complutense de Madrid | N15: #VALUE! | O15: {=_FV(N15,"Name")} -> Spain | P15: assistant | R15: research | S15: 45945 | U15: 1 | V15: 0 | W15: 0
A16: chrisnew | D16: 45945 | E16: https://jobs.cnu.edu/postings/19812 | I16: completed | J16: no news | M16: Christopher Newport University | N16: #VALUE! | O16: {=_FV(N16,"Name")} -> United States | P16: assistant | R16: research | S16: 45945 | U16: 1 | V16: 0 | W16: 1
A17: berry_2 | D17: 45945 | E17: JOE | F17: https://berry.interviewexchange.com/static/clients/563BCM1/index.jsp;jsessionid=D6807F41311DBB7FA4BF3B5A2CEB7DC5 | H17: Prof. E. Frank Stephenson at efstephenson@berry.edu | I17: completed | J17: no news | M17: Berry College | N17: #VALUE! | O17: {=_FV(N17,"Name")} -> United States | P17: assistant | Q17: Economics | R17: research | S17: 46142 | U17: 1 | V17: 0 | W17: 1
A18: u_chile_ig | D18: 45947 | E18: JOE | G18: 1 | I18: completed | J18: no news | K18: YES | L18: 45976 | M18: Universidad de Chile | N18: #VALUE! | O18: {=_FV(N18,"Name")} -> Chile | P18: assistant | R18: research | S18: 45992 | U18: 1 | V18: 0 | W18: 0
A19: utrecht | D19: 45950 | E19: EJM | F19: https://www.uu.nl/en/organisation/working-at-utrecht-university/jobs/lecturer-in-applied-economics | G19: 1 | H19: Marcel Boumans m.j.boumans@uu.nl | I19: completed | J19: rejected | K19: YES | L19: 45976 | M19: Utrecht University | N19: #VALUE! | O19: {=_FV(N19,"Name")} -> Netherlands | P19: lecturer | R19: research | S19: 45959 | U19: 1 | V19: 0 | W19: 0
A20: vassar | D20: 45950 | E20: EJM | G20: 1 | H20: Sarah Pearlman sapearlman@vassar.edu. | I20: completed | J20: no news | M20: Vassar College | N20: #VALUE! | O20: {=_FV(N20,"Name")} -> United States | P20: assistant | R20: research | S20: 45964 | U20: 1 | V20: 1 | W20: 1
A21: utokyo | D21: 45950 | E21: JOE | I21: completed | J21: no news | M21: UTokyo Economic Consulting Inc. | N21: #VALUE! | O21: {=_FV(N21,"Name")} -> Japan | P21: assistant | R21: research | S21: 46022 | U21: 1 | V21: 0 | W21: 0
A22: utah | D22: 45950 | E22: https://utah.peopleadmin.com/postings/188619 | I22: completed | J22: no news | M22: The University of Utah | N22: #VALUE! | O22: {=_FV(N22,"Name")} -> United States | P22: assistant | R22: research | S22: 45960 | U22: 1 | V22: 1 | W22: 1
A23: uc_davis | D23: 45950 | E23: EJM | F23: https://apptrkr.com/6572257 | I23: completed | J23: no news | M23: UC Davis | N23: #VALUE! | O23: {=_FV(N23,"Name")} -> United States | P23: assistant | Q23: agriculture | R23: research | S23: 45964 | U23: 1 | V23: 1 | W23: 1
A24: uab | D24: 45950 | E24: EJM | I24: completed | J24: no news | M24: Universitat Autònoma de Barcelona | N24: #VALUE! | O24: {=_FV(N24,"Name")} -> Spain | P24: assistant | R24: research | S24: 45963 | U24: 1 | V24: 1 | W24: 0
A25: misurri_col | D25: 45950 | E25: JOE | F25: https://erecruit.umsystem.edu/psc/tamext/COLUM/HRMS/c/HRS_HRAM_FL.HRS_CG_SEARCH_FL.GBL?Page=HRS_APP_SCHJOB_FL&Action=U | I25: completed | J25: no news | M25: University of Missouri-Columbia | N25: #VALUE! | O25: {=_FV(N25,"Name")} -> United States | P25: assistant | R25: research | S25: 45961 | U25: 1 | V25: 1 | W25: 1
A26: kobe | D26: 45950 | E26: JOE | F26: need the one of american history | G26: 1 | I26: completed | J26: no news | M26: Kobe University | N26: #VALUE! | O26: {=_FV(N26,"Name")} -> Japan | P26: assistant | R26: research | S26: 45961 | U26: 1 | V26: 0 | W26: 0
A27: idb_2 | D27: 45950 | E27: https://jobs.iadb.org/job/Development-Effectiveness-and-Impact-Evaluation-Consultant/1937-en_US/ | I27: completed | J27: no news | M27: IDB | N27: #VALUE! | O27: {=_FV(N27,"Name")} -> United States | R27: research | S27: 45954 | U27: 1 | V27: 0 | W27: 0
A28: haverford | D28: 45950 | E28: JOE | F28: https://apply.interfolio.com/171810 | I28: completed | J28: no news | M28: Haverford College | N28: #VALUE! | O28: {=_FV(N28,"Name")} -> United States | P28: assistant | R28: research | S28: 45957 | U28: 1 | V28: 1 | W28: 1
A29: getty | D29: 45950 | E29: JOE | F29: https://gettysburg.peopleadmin.com/postings/6014 | I29: completed | J29: rejected | M29: Gettysburg College | N29: #VALUE! | O29: {=_FV(N29,"Name")} -> United States | P29: assistant | R29: research | S29: 45962 | U29: 1 | V29: 1 | W29: 1
A30: darthmouth | D30: 45950 | E30: EJM | I30: completed | J30: rejected | M30: Dartmouth College | N30: #VALUE! | O30: {=_FV(N30,"Name")} -> United States | P30: lecturer | R30: research | S30: 45992 | U30: 1 | V30: 0 | W30: 0
A31: boston | D31: 45950 | E31: EJM | I31: completed | J31: no news | M31: Boston College | N31: #VALUE! | O31: {=_FV(N31,"Name")} -> United States | P31: assistant | R31: research | S31: 46022 | U31: 1 | V31: 0 | W31: 0
A32: berry_1 | D32: 45950 | E32: JOE | F32: https://berry.interviewexchange.com/static/clients/563BCM1/index.jsp | H32: Dr. Jamie Sharpe, at jsharpe@berry.edu | I32: completed | J32: no news | M32: Berry College | N32: #VALUE! | O32: {=_FV(N32,"Name")} -> United States | P32: assistant | Q32: Data Analytics | R32: research | S32: 46142 | U32: 1 | V32: 0 | W32: 1
A33: baylor | D33: 45950 | E33: JOE | F33: https://apply.interfolio.com/172650 | I33: completed | J33: no news | M33: Baylor University | N33: #VALUE! | O33: {=_FV(N33,"Name")} -> United States | P33: assistant | R33: research | S33: 46157 | U33: 1 | V33: 1 | W33: 1
A34: andersen | D34: 45950 | E34: JOE | I34: completed | J34: no news | M34: Andersen Institute for Finance and Economics | N34: #VALUE! | O34: {=_FV(N34,"Name")} -> United States | R34: research | S34: 45950 | U34: 1 | V34: 0 | W34: 0
A35: tamu_1 | D35: 45955 | E35: https://apply.interfolio.com/173294 | G35: 1 | I35: completed | J35: no news | K35: YES | L35: 45965 | M35: Texas A&M | N35: #VALUE! | O35: {=_FV(N35,"Name")} -> United States | P35: assistant | Q35: applied micro | R35: research | S35: 45962 | U35: 1 | V35: 1 | W35: 1
A36: queensland | D36: 45955 | E36: JOE | G36: 1 | H36: Professor Claudio Mezzetti (c.mezzetti@uq.edu.au) | I36: completed | J36: no news | K36: YES | L36: 45965 | M36: University of Quesnland | N36: #VALUE! | O36: {=_FV(N36,"Name")} -> Australia | P36: assistant | R36: research | S36: 45969 | U36: 1 | V36: 0 | W36: 0
A37: pompeu_fabra | D37: 45955 | E37: EJM | G37: 1 | I37: completed | J37: no news | K37: YES | L37: 45965 | M37: Universitat Pompeu Fabra | N37: #VALUE! | O37: {=_FV(N37,"Name")} -> Barcelona | P37: assistant | R37: research | S37: 45963 | U37: 1 | V37: 1 | W37: 1
A38: monash | D38: 45955 | E38: EJM | G38: 1 | H38: Arthur Campbell (arthur.campbell@monash.edu) | I38: completed | J38: no news | K38: YES | L38: 45965 | M38: Monash University | N38: #VALUE! | O38: {=_FV(N38,"Name")} -> Australia | P38: assistant | R38: research | S38: 45962 | U38: 1 | V38: 0 | W38: 0
A39: u_chicago | D39: 45955 | E39: https://apply.interfolio.com/172477 | I39: completed | J39: no news | M39: University of Chicago | N39: #VALUE! | O39: {=_FV(N39,"Name")} -> United States | P39: assistant | R39: research | S39: 46203 | U39: 1 | V39: 1 | W39: 1
A40: tulane | D40: 45955 | E40: https://apply.interfolio.com/172687 | I40: completed | J40: no news | M40: Tulane University | N40: #VALUE! | O40: {=_FV(N40,"Name")} -> United States | P40: teaching | R40: research | S40: 46010 | U40: 1 | V40: 0 | W40: 1
A41: stanford | D41: 45955 | E41: EJM | I41: completed | J41: no news | M41: Stanford University | N41: #VALUE! | O41: {=_FV(N41,"Name")} -> United States | P41: assistant | R41: research | S41: 45968 | U41: 1 | V41: 0 | W41: 0
A42: ohio_state | D42: 45955 | E42: https://osu.wd1.myworkdayjobs.com/OSUCareers/job/Columbus-Campus/Post-Doctoral-Scholar-in-Economics-Labor--STEM-Education--and-Household-Finance_R138239-1 | I42: completed | J42: no news | M42: The Ohio State University | N42: #VALUE! | O42: {=_FV(N42,"Name")} -> United States | P42: assistant | R42: research | S42: 46053 | U42: 1 | V42: 1 | W42: 0
A43: mit | D43: 45955 | E43: EJM | I43: completed | J43: no news | M43: Massachusetts Institute of Technology | N43: #VALUE! | O43: {=_FV(N43,"Name")} -> United States | P43: assistant | R43: research | S43: 45968 | U43: 1 | V43: 0 | W43: 0
A44: middle_ten | D44: 45955 | E44: JOE | F44: https://careers.mtsu.edu/en-us/job/498375/economics-and-finance-economics-tenuretrack-faculty | I44: completed | J44: no news | M44: Middle Tennessee State University | N44: #VALUE! | O44: {=_FV(N44,"Name")} -> United States | P44: assistant | R44: research | S44: 45996 | U44: 1 | V44: 1 | W44: 1
A45: manheim | D45: 45955 | E45: EJM | I45: completed | J45: no news | M45: University of Mannheim | N45: #VALUE! | O45: {=_FV(N45,"Name")} -> Germany | P45: assistant | Q45: microeconomics | R45: research | S45: 45970 | U45: 1 | V45: 0 | W45: 0
A46: iowa | D46: 45955 | E46: https://jobs.uiowa.edu/faculty/view/75674 | I46: completed | J46: no news | M46: The University of Iowa | N46: #VALUE! | O46: {=_FV(N46,"Name")} -> United States | P46: assistant | R46: research | S46: 45995 | U46: 1 | V46: 0 | W46: 1
A47: hiroshima | D47: 45955 | E47: JOE | I47: completed | J47: no news | M47: Hiroshima University | N47: #VALUE! | O47: {=_FV(N47,"Name")} -> Japan | P47: assistant | R47: research | S47: 45968 | U47: 1 | V47: 0 | W47: 0
A48: creighton | D48: 45955 | E48: https://apply.interfolio.com/174123 | I48: completed | J48: no news | M48: Creighton University | N48: #VALUE! | O48: {=_FV(N48,"Name")} -> United States | P48: assistant | R48: research | S48: 46203 | U48: 1 | V48: 0 | W48: 0
A49: colorado_col | D49: 45955 | E49: https://jobs.coloradocollege.edu/jobs/assistant-professor-of-economics-and-business-on-campus-colorado-united-states | I49: completed | J49: rejected | M49: Colorado College | N49: #VALUE! | O49: {=_FV(N49,"Name")} -> United States | P49: assistant | R49: research | S49: 45962 | U49: 1 | V49: 1 | W49: 1
A50: bates_1 | D50: 45955 | E50: https://apply.interfolio.com/173570 | G50: 1 | I50: completed | J50: no news | M50: Bates College | N50: #VALUE! | O50: {=_FV(N50,"Name")} -> United States | P50: assistant | Q50: applied micro | R50: research | S50: 45962 | U50: 1 | V50: 1 | W50: 1
A51: analysis_2 | D51: 45955 | E51: https://associatecareers-analysisgroup.icims.com/jobs/2760/associate---generalist---montreal---toronto-%282026-start-date%29/job | I51: completed | J51: no news | M51: Analysis Group | N51: #VALUE! | O51: {=_FV(N51,"Name")} -> Canada | R51: research | S51: 45962 | U51: 1 | V51: 0 | W51: 0
A52: analysis_1 | D52: 45955 | E52: https://associatecareers-analysisgroup.icims.com/jobs/2388/associate---generalist-%28phd%29-%282026-start-date%29/job?mobile=false&width=1150&height=500&bga=true&needsRedirect=false&jan1offset=-360&jun1offset=-300 | I52: completed | J52: interview | M52: Analysis Group | N52: #VALUE! | O52: {=_FV(N52,"Name")} -> United States | R52: research | S52: 45962 | U52: 1 | V52: 0 | W52: 0
A53: albany | D53: 45955 | E53: https://albany.interviewexchange.com/jobofferdetails.jsp;jsessionid=6CE240ADA4E80C56493FC4687C497687?JOBID=193393 | I53: completed | J53: no news | M53: University at Albany | N53: #VALUE! | O53: {=_FV(N53,"Name")} -> United States | P53: assistant | R53: research | S53: 45962 | U53: 1 | V53: 0 | W53: 0
A54: utax | C54: send teaching dossier | D54: 45960 | E54: https://jobs.lever.co/uaustin/637081c9-3e9b-4540-a3e3-f07ecdba2cb4 | I54: completed | J54: no news | M54: University of Austin | N54: #VALUE! | O54: {=_FV(N54,"Name")} -> United States | P54: assistant | R54: research | S54: 46081 | U54: 1 | V54: 0 | W54: 0
A55: ecole | D55: 45961 | E55: EJM | I55: completed | J55: no news | M55: École Normale Supérieure | N55: #VALUE! | O55: {=_FV(N55,"Name")} -> France | P55: postdoc | R55: research | S55: 45961 | U55: 1 | V55: 0 | W55: 0
A56: uandes_col | D56: 45962 | E56: JOE | G56: 1 | H56: Daniel Mejia dmejia@uniandes.edu.co | I56: completed | J56: fly out | K56: YES | L56: 45976 | M56: Universidad de los Andes, Colombia | N56: #VALUE! | O56: {=_FV(N56,"Name")} -> Colombia | P56: assistant | R56: research | S56: 45975 | U56: 1 | V56: 0 | W56: 0
A57: uw_1 | D57: 45962 | E57: https://jobs.wisc.edu/jobs/assistant-professor-in-agricultural-and-applied-economics-madison-wisconsin-united-states | F57: job number JR10004781 | I57: completed | J57: rejected | M57: Universty at Wisconsin-Maddison | N57: #VALUE! | O57: {=_FV(N57,"Name")} -> United States | P57: assistant | R57: research | S57: 45981 | U57: 1 | V57: 1 | W57: 1
A58: urbana_2 | C58: joe + other place | D58: 45962 | E58: JOE | F58: https://illinois.csod.com/ux/ats/careersite/1/home/requisition/14762?c=illinois&sq=1031846&referralToken=MX8lYTz4-EapwaM-jNL-bA | I58: completed | J58: no news | M58: University of Illinois Urbana-Champaign | N58: #VALUE! | O58: {=_FV(N58,"Name")} -> United States | P58: assistant | R58: research | S58: 45964 | U58: 1 | V58: 0 | W58: 0
A59: umass_a | C59: CL needs to be addressed to Professor Patrick Mason, Chair, Department of Economics, (Crotty Hall, 412 North Pleasant Street, Amherst, MA 01002 USA) | D59: 45962 | E59: JOE | F59: https://careers.umass.edu/en-us/job/527367/assistant-professor-of-department-of-economics-commonwealth-honors-college | I59: completed | J59: no news | M59: UMass Amherst | N59: #VALUE! | O59: {=_FV(N59,"Name")} -> United States | P59: assistant | R59: research | S59: 46055 | U59: 1 | V59: 1 | W59: 1
A60: umass | D60: 45962 | E60: JOE | F60: https://employmentopportunities.umb.edu/boston/en-us/job/527945/assistant-professor-economics | I60: completed | J60: no news | M60: University of Massachusetts Boston | N60: #VALUE! | O60: {=_FV(N60,"Name")} -> United States | P60: assistant | R60: research | S60: 45976 | U60: 1 | V60: 1 | W60: 1
A61: u_virginia | D61: 45962 | E61: EJM | F61: https://apply.interfolio.com/173878 | H61: Lee Lockwood leelockwood@virginia.edu | I61: completed | J61: no news | M61: University of Virginia | N61: #VALUE! | O61: {=_FV(N61,"Name")} -> United States | P61: assistant | R61: research | S61: 45971 | U61: 1 | V61: 0 | W61: 0
A62: toronto | C62: make CL teaching focused | D62: 45962 | E62: EJM | I62: completed | J62: no news | M62: University of Toronto | N62: #VALUE! | O62: {=_FV(N62,"Name")} -> Canada | P62: lecturer | R62: research | S62: 45979 | U62: 1 | V62: 0 | W62: 1
A63: texas_state | D63: 45962 | E63: https://jobs.hr.txstate.edu/postings/54208 | I63: completed | J63: no news | M63: Texas State University | N63: #VALUE! | O63: {=_FV(N63,"Name")} -> United States | P63: assistant | R63: research | S63: 45962 | U63: 1 | V63: 1 | W63: 1
A64: rhodes | D64: 45962 | E64: JOE | F64: https://rhodes.wd5.myworkdayjobs.com/Rhodes_Careers/job/Memphis-Tennessee/Assistant-Professor-of-Economics_JR-739 | I64: completed | J64: no news | M64: Rhodes College | N64: #VALUE! | O64: {=_FV(N64,"Name")} -> United States | P64: assistant | R64: research | S64: 46244 | U64: 1 | V64: 0 | W64: 1
A65: palm_beach | D65: 45962 | E65: JOE | F65: https://www.paycomonline.net/v4/ats/web.php/jobs/ViewJobDetails?job=248982&clientkey=85B0677EE5F565F7218786A34C475495 | I65: completed | J65: rejected | M65: Palm Beach Atlantic University | N65: #VALUE! | O65: {=_FV(N65,"Name")} -> United States | P65: assistant | R65: research | S65: 45962 | U65: 1 | V65: 1 | W65: 1
A66: oklahoma | D66: 45962 | E66: https://apply.interfolio.com/174522 | I66: completed | J66: no news | M66: University of Oklahoma | N66: #VALUE! | O66: {=_FV(N66,"Name")} -> United States | P66: assistant | R66: research | S66: 46244 | U66: 1 | V66: 0 | W66: 0
A67: miami_ohio | C67: both JOE + ohio | D67: 45962 | E67: JOE | F67: https://miamioh.wd5.myworkdayjobs.com/miamioh-faculty/job/Farmer-School-of-Business/Assistant-Teaching-Professor---Economics_JR103178 | I67: completed | J67: no news | M67: Miami University | N67: #VALUE! | O67: {=_FV(N67,"Name")} -> United States | P67: assistant | R67: research | S67: 45992 | U67: 1 | V67: 0 | W67: 1
A68: ithaca | D68: 45962 | E68: JOE | F68: https://ehwy.fa.us2.oraclecloud.com/hcmUI/CandidateExperience/en/sites/CX_1/job/3310 | I68: completed | J68: no news | M68: Ithaca College | N68: #VALUE! | O68: {=_FV(N68,"Name")} -> United States | P68: assistant | R68: research | S68: 45971 | U68: 1 | V68: 0 | W68: 0
A69: bologna | D69: 45962 | E69: EJM | I69: completed | J69: no news | M69: Università di Bologna | N69: #VALUE! | O69: {=_FV(N69,"Name")} -> Italy | P69: assistant | R69: research | S69: 45971 | U69: 1 | V69: 1 | W69: 0
A70: a_paris | D70: 45962 | E70: EJM | F70: https://apply.interfolio.com/170082 | I70: completed | J70: rejected | M70: American University of Paris | N70: #VALUE! | O70: {=_FV(N70,"Name")} -> Paris | P70: assistant | R70: research | S70: 45971 | U70: 1 | V70: 1 | W70: 1
A71: vergata | C71: lots of media people, which I should emphasize | D71: 45966 | E71: EJM | G71: 1 | I71: completed | J71: rejected | K71: YES | L71: 45976 | M71: Università di Roma Tor Vergata | N71: #VALUE! | O71: {=_FV(N71,"Name")} -> Italy | P71: assistant | R71: research | S71: 45977 | U71: 1 | V71: 1 | W71: 0
A72: uppsala | D72: 45966 | E72: EJM | G72: 3 | I72: completed | J72: no news | K72: YES | L72: 45976 | M72: Uppsala University | N72: #VALUE! | O72: {=_FV(N72,"Name")} -> Sweden | P72: assistant | R72: research | S72: 45974 | U72: 1 | V72: 0 | W72: 0
A73: sciencepo | C73: julia cage as a potential network | D73: 45966 | E73: EJM | G73: 2 | I73: completed | J73: no news | K73: YES | L73: 45976 | M73: Science Po | N73: #VALUE! | O73: {=_FV(N73,"Name")} -> France | P73: assistant | R73: research | S73: 45971 | U73: 1 | V73: 0 | W73: 0
A74: zurich | D74: 45966 | E74: EJM | H74: Florian Scheuer by email (florian.scheuer@uzh.ch) | I74: completed | J74: no news | M74: University of Zurich | N74: #VALUE! | O74: {=_FV(N74,"Name")} -> Switzerland | P74: postdoc | R74: research | S74: 45976 | U74: 1 | V74: 0 | W74: 0
A75: will_college_1 | D75: 45966 | E75: EJM | F75: https://apply.interfolio.com/171825 | I75: completed | J75: no news | M75: Williams College | N75: #VALUE! | O75: {=_FV(N75,"Name")} -> United States | P75: assistant | Q75: applied micro | R75: research | S75: 45971 | U75: 1 | V75: 0 | W75: 1
A76: west_ontario_1 | D76: 45966 | E76: JOE | F76: https://economics.uwo.ca/about-us/instruction.html | I76: completed | J76: no news | M76: University of Western Ontario | N76: #VALUE! | O76: {=_FV(N76,"Name")} -> Canada | P76: assistant | R76: research | S76: 45971 | U76: 1 | V76: 0 | W76: 0
A77: uw_3 | D77: 45966 | E77: https://wisconsin.wd1.myworkdayjobs.com/en-US/UW_Comprehensives/details/Assistant-Professor-Economics_JR10004642?Institution=5adf054562b610142325c7d9ca9e0000 | I77: completed | J77: no news | M77: Universty at Wisconsin-Stevenson | N77: #VALUE! | O77: {=_FV(N77,"Name")} -> United States | P77: assistant | R77: research | S77: 45977 | U77: 1 | V77: 0 | W77: 0
A78: south_main | C78: make it teaching focused | D78: 45966 | E78: https://fa-ewca-saasfaprod1.fa.ocs.oraclecloud.com/hcmUI/CandidateExperience/en/sites/CX_1/job/1521?lastSelectedFacet=ORGANIZATIONS&mode=location&selectedOrganizationsFacet=300000014113625 | I78: completed | J78: rejected | M78: University of Southern Maine | N78: #VALUE! | O78: {=_FV(N78,"Name")} -> United States | P78: assistant | R78: research | S78: 45972 | U78: 1 | V78: 1 | W78: 1
A79: south_carolina | C79: about artificial inteligence | D79: 45966 | E79: JOE | F79: https://uscjobs.sc.edu/postings/195192 | G79: 1 | I79: completed | J79: no news | M79: University of South Carolina | N79: #VALUE! | O79: {=_FV(N79,"Name")} -> United States | P79: assistant | R79: research | S79: 45977 | U79: 1 | V79: 0 | W79: 0
A80: purdue | C80: need to apply to EJM AND another site | D80: 45966 | E80: EJM | F80: https://careers.purdue.edu/job/AssistantAssociate-Tenure-Track-Professor%2C-Agricultural%2C-Food-and-Applied-Economics/39067-en_US/ | I80: completed | J80: no news | M80: Purdue University | N80: #VALUE! | O80: {=_FV(N80,"Name")} -> United States | P80: assistant | R80: research | S80: 45975 | U80: 1 | V80: 1 | W80: 1
A81: puc_rio | D81: 45966 | E81: EJM | I81: completed | J81: no news | M81: PUC rio | N81: #VALUE! | O81: {=_FV(N81,"Name")} -> Brazil | P81: assistant | R81: research | S81: 45976 | U81: 1 | V81: 0 | W81: 0
A82: polytech | D82: 45966 | E82: EJM | I82: completed | J82: no news | M82: Institut Polytechnique de Paris | N82: #VALUE! | O82: {=_FV(N82,"Name")} -> France | P82: assistant | R82: research | S82: 45977 | U82: 1 | V82: 0 | W82: 0
A83: pittsburg | D83: 45966 | E83: JOE | G83: 1 | H83: Cindy Graf Department of Economics University of Pittsburgh cmg134@pitt.edu | I83: completed | J83: no news | M83: University of Pittsburgh | N83: #VALUE! | O83: {=_FV(N83,"Name")} -> United States | P83: assistant | R83: research | S83: 45976 | U83: 1 | V83: 1 | W83: 1
A84: osaka | D84: 45966 | E84: JOE | F84: https://ws.formzu.net/fgen/S39345518/ | I84: completed | J84: no news | M84: The University of Osaka | N84: #VALUE! | O84: {=_FV(N84,"Name")} -> Japan | P84: assistant | R84: research | S84: 45975 | U84: 1 | V84: 0 | W84: 0
A85: notredame | D85: 45966 | E85: https://apply.interfolio.com/173340 | I85: completed | J85: no news | M85: University of Notre Dame | N85: #VALUE! | O85: {=_FV(N85,"Name")} -> United States | P85: assistant | R85: research | S85: 45976 | U85: 1 | V85: 0 | W85: 1
A86: n_iowa | D86: 45966 | E86: https://uni.wd5.myworkdayjobs.com/en-US/UNI/details/Assistant-or-Associate-Professor-of-Economics--Applied-Microeconomics-_JR816?jobFamilyGroup=12b49c095378100522815b04f3340001 | I86: completed | J86: no news | M86: University of Northern Iowa | N86: #VALUE! | O86: {=_FV(N86,"Name")} -> United States | P86: assistant | R86: research | S86: 45975 | U86: 1 | V86: 1 | W86: 1
A87: musashi | D87: 45966 | E87: JOE | F87: https://jrecin.jst.go.jp/seek/SeekJorDetail?id=D125100024 | I87: completed | J87: no news | M87: Musashi University | N87: #VALUE! | O87: {=_FV(N87,"Name")} -> Japan | P87: assistant | R87: research | S87: 45716 | U87: 1 | V87: 0 | W87: 0
A88: montevideo | D88: 45966 | E88: JOE | I88: completed | J88: no news | M88: Universidad de Montevideo | N88: #VALUE! | O88: {=_FV(N88,"Name")} -> Uruguay | P88: assistant | R88: research | S88: 46033 | U88: 1 | V88: 0 | W88: 0
A89: lund | D89: 45966 | E89: EJM | I89: completed | J89: no news | M89: Lund University | N89: #VALUE! | O89: {=_FV(N89,"Name")} -> Sweden | P89: assistant | R89: research | S89: 45976 | U89: 1 | V89: 0 | W89: 0
A90: iiestud | D90: 45966 | E90: EJM | H90: Professor Tessa Bold e-mail: tessa.bold@iies.su.se, Associate Professor Timo Boppart, e-mail: timo.boppart@iies.su.se or Professor Peter Nilsson, e-mail: peter.nilsson@iies.su.se. | I90: completed | J90: no news | M90: Institute for International Economic Studies | N90: #VALUE! | O90: {=_FV(N90,"Name")} -> Sweden | P90: assistant | R90: research | S90: 45975 | U90: 1 | V90: 0 | W90: 0
A91: ifau | D91: 45966 | E91: EJM | H91: Martin Söderström, Director General, +46 18-471 60 53, martin.soderstrom@ifau.uu.se | I91: completed | J91: no news | M91: Institute for Evaluation of Labour Market and Education Policy | N91: #VALUE! | O91: {=_FV(N91,"Name")} -> Sweden | P91: postdoc | R91: research | S91: 45975 | U91: 1 | V91: 0 | W91: 0
A92: grinnell_1 | D92: 45966 | E92: https://apply.interfolio.com/174781 | I92: completed | J92: no news | M92: Grinnell College | N92: #VALUE! | O92: {=_FV(N92,"Name")} -> United States | P92: assistant | Q92: economic history | R92: research | S92: 45971 | U92: 1 | V92: 0 | W92: 1
A93: eief | D93: 45966 | E93: EJM | I93: completed | J93: no news | M93: Einaudi Institute for Economics and Finance | N93: #VALUE! | O93: {=_FV(N93,"Name")} -> Italy | P93: assistant | R93: research | S93: 45975 | U93: 1 | V93: 0 | W93: 0
A94: cornell | D94: 45966 | E94: EJM | F94: https://academicjobsonline.org/ajo/jobs/30626. | I94: completed | J94: no news | M94: Cornell University | N94: #VALUE! | O94: {=_FV(N94,"Name")} -> United States | P94: assistant | Q94: economic history | R94: research | S94: 45971 | U94: 1 | V94: 1 | W94: 1
A95: colby | D95: 45966 | E95: https://apply.interfolio.com/174598 | I95: completed | J95: no news | M95: Colby College | N95: #VALUE! | O95: {=_FV(N95,"Name")} -> United States | P95: assistant | R95: research | S95: 45975 | U95: 1 | V95: 0 | W95: 1
A96: bowdoin | D96: 45966 | E96: JOE | F96: https://careers.bowdoin.edu/postings/16678 | G96: 1 | I96: completed | J96: no news | M96: Bowdoin College | N96: #VALUE! | O96: {=_FV(N96,"Name")} -> United States | P96: assistant | R96: research | S96: 45976 | U96: 1 | V96: 1 | W96: 1
A97: bank_spain | D97: 45966 | E97: EJM | I97: completed | J97: no news | M97: Bank of Spain | N97: #VALUE! | O97: {=_FV(N97,"Name")} -> Spain | R97: research | S97: 45977 | U97: 1 | V97: 0 | W97: 0
A98: amsterdam | D98: 45966 | E98: EJM | H98: Professor Frank Kleibergen (F.R.Kleibergen@uva.l), head of the Econometrics research group. | I98: completed | J98: no news | M98: University of Amsterdam | N98: #VALUE! | O98: {=_FV(N98,"Name")} -> Netherlands | P98: assistant | R98: research | S98: 45978 | U98: 1 | V98: 0 | W98: 0
A99: vancouver | C99: add development to the insterests | D99: 45971 | E99: EJM | G99: 1 | I99: completed | J99: no news | K99: YES | L99: 45976 | M99: University of British Columbia | N99: #VALUE! | O99: {=_FV(N99,"Name")} -> Canada | P99: assistant | R99: research | S99: 45976 | U99: 1 | V99: 0 | W99: 1
A100: usydney_1 | D100: 45971 | E100: EJM | F100: EJM | G100: 2 | H100: Professors Marian Vidal-Fernandez and Jordi Vidal-Robert (University of Sydney), and Professors Michele Battisti and Sayantan Ghosal (University of Glasgow). | I100: completed | J100: interview | K100: YES | L100: 45976 | M100: University of Sydney | N100: #VALUE! | O100: {=_FV(N100,"Name")} -> Australia | P100: postdoc | Q100: culture | R100: research | S100: 45978 | U100: 1 | V100: 0 | W100: 0
...

Sheet timeline
A1: date | B1: app_id | C1: comment
A2: 45930 | C2: gathering info from AEA JOE, stopped @ Bates College
A3: 45931 | C3: gathering the applications that I'm most interested in
A4: 45944 | B4: simon_frazer_1 | C4: app sent
A5: 45944 | B5: macmaster_1 | C5: app sent
A6: 45944 | C6: applied for the Europe UniCredit Best Paper Award
A7: 45945 | C7: gathered info for postings
A8: 45945 | B8: rovira_1 | C8: app sent
A9: 45946 | C9: gathered info for 11 postings and struggle with interfolio
A10: 45946 | B10: american_u_1 | C10: app sent
A11: 45946 | B11: analysis_1 | C11: app sent
A12: 45946 | B12: analysis_2 | C12: app sent
A13: 45946 | B13: u_chile_ig | C13: app sent
A14: 45946 | B14: oecd_1 | C14: app sent
A15: 45947 | B15: idb_1 | C15: app sent
A16: 45947 | B16: will_college_1 | C16: app sent
A17: 45947 | B17: bates_1 | C17: app sent
A18: 45947 | B18: haverford | C18: app sent
A19: 45947 | B19: a_paris | C19: app sent
A20: 45947 | C20: gathered info for 11 postings and struggle with interfolio
A21: 45947 | B21: utrecht | C21: app sent
A22: 45947 | B22: ecole | C22: app sent
A23: 45947 | B23: mit | C23: app sent
A24: 45947 | B24: uc_davis | C24: app sent
A25: 45947 | B25: manheim | C25: app sent
A26: 45948 | C26: gathered 10 postings from JOE stoped at Bowdoin
A27: 45948 | B27: berry_2 | C27: app sent
A28: 45948 | B28: berry_1 | C28: app sent
A29: 45948 | B29: idb_2 | C29: app sent
A30: 45948 | B30: kobe | C30: app sent
A31: 45948 | B31: utokyo | C31: app sent
A32: 45948 | B32: baylor | C32: app sent
A33: 45948 | B33: stanford | C33: app sent
A34: 45948 | B34: bologna | C34: app sent
A35: 45948 | B35: u_virginia | C35: waiting for recs
A36: 45948 | B36: tamu_1 | C36: went over cover letter
A37: 45949 | B37: columbia | C37: app sent
A38: 45949 | B38: u_virginia | C38: app sent
A39: 45949 | C39: added more than 10 posting from EJM stopped @ prague posting
A40: 45949 | B40: stockholm_1 | C40: app sent
A41: 45949 | B41: uab | C41: app sent
A42: 45949 | B42: boston | C42: app sent
A43: 45949 | B43: hiroshima | C43: app sent
A44: 45949 | B44: musashi | C44: app sent
A45: 45949 | B45: osaka | C45: waiting for recs
A46: 45949 | B46: bowdoin | C46: app sent
A47: 45950 | C47: added 10 posting from EJM stoped @ Hanken School of Economics
A48: 45950 | B48: toronto | C48: app sent
A49: 45950 | B49: osaka | C49: app sent
A50: 45950 | B50: cornell | C50: waiting for recs
A51: 45950 | B51: aist_1 | C51: app sent
A52: 45950 | B52: penn_state_1 | C52: app sent
A53: 45951 | B53: cornell | C53: app sent
A54: 45951 | C54: added 10 posting from EJM no new ones (for now)
A55: 45951 | B55: pompeu_fabra | C55: app sent
A56: 45951 | B56: tamu_1 | C56: app sent
A57: 45951 | B57: monash | C57: app sent
A58: 45951 | B58: amsterdam | C58: app sent
A59: 45951 | B59: vergata | C59: app sent
A60: 45951 | B60: polytech | C60: app sent
A61: 45951 | B61: lund | C61: app sent
A62: 45951 | B62: eief | C62: app sent
A63: 45951 | B63: ifau | C63: app sent
A64: 45951 | B64: iiestud | C64: app sent
A65: 45952 | C65: added 10 postings from JOE and stragelers from EJM
A66: 45953 | B66: lmu | C66: app sent
A67: 45953 | B67: chrisnew | C67: app sent
A68: 45953 | B68: andersen | C68: app sent
A69: 45953 | B69: colorado_col | C69: app sent
A70: 45953 | B70: creighton | C70: app sent
A71: 45953 | B71: grinnell_1 | C71: app sent
A72: 45953 | B72: west_ontario_1 | C72: app sent
A73: 45953 | B73: colby | C73: app sent
A74: 45953 | B74: bank_spain | C74: app sent
A75: 45953 | B75: puc_rio | C75: app sent
A76: 45953 | B76: zurich | C76: app sent
A77: 45954 | B77: hito_jp | C77: app sent
A78: 45954 | B78: geneve | C78: app sent
A79: 45957 | C79: added some more info on posts
A80: 45958 | C80: added 10 JOE
A81: 45960 | C81: added 10 joe
A82: 45960 | B82: utah | C82: app sent
A83: 45960 | B83: misurri_col | C83: app sent
A84: 45960 | B84: getty | C84: app sent
A85: 45960 | B85: uw_1 | C85: app sent
A86: 45960 | B86: oklahoma | C86: app sent
A87: 45960 | B87: umass | C87: app sent
A88: 45960 | B88: umass_a | C88: app sent
A89: 45960 | B89: urbana_2 | C89: app sent
A90: 45960 | B90: south_main | C90: app sent
A91: 45960 | B91: purdue | C91: app sent
A92: 45960 | B92: n_iowa | C92: app sent
A93: 45960 | B93: notredame | C93: app sent
... A101: 45960 | B101: fgv | C101: app sent
A102: 45962 | C102: gatehred 10 more from JOE, trying to make up for 31st
A103: 45962 | C103: gatehred 10 more from JOE
A104: 45962 | B104: tennessee | C104: app sent
A105: 45962 | B105: albany | C105: app sent
A106: 45962 | B106: tulane | C106: app sent
A107: 45962 | B107: iowa | C107: app sent
...

Sheet stats
A1: Total apps | B1: =COUNTA(sum!A:A) -1 -> 308 | C1: =COUNTIF(sum!I:I, "completed")/(B1-COUNTIF(sum!I:I, "abandoned")-COUNTIF(sum!I:I, "late app")) -> 1 | D1: =COUNTIF(sum!I:I, "completed") -> 297
A2: good match | B2: =COUNTA(sum!G:G) -1 -> 53 | C2: =COUNTIFS(sum!I:I,"completed", sum!G:G, "<>") / B2 -> 0.96226415
A3: emails | B3: =COUNTA(sum!K:K) -1 -> 59 | C3: =COUNTIFS(sum!I:I,"completed", sum!K:K, "<>") / B3 -> 1
A5: Outcomes | B5: =COUNTA(sum!J:J) -1 -> 308 | C5: =B5/B1 -> 1
A6: no news | B6: =COUNTIFS(sum!J:J,"no news") -> 272 | C6: =B6/$B$5 -> 0.88311688
A7: rejected | B7: =COUNTIFS(sum!J:J,"rejected") -> 28 | C7: =B7/$B$5 -> 0.090909091
A8: interview | B8: =COUNTIFS(sum!J:J,"interview") + COUNTIFS(sum!J:J,"fly out") + COUNTIFS(sum!J:J,"offer") -> 8 | C8: =B8/$B$5 -> 0.025974026
A9: fly out | B9: =COUNTIFS(sum!J:J,"fly out") + COUNTIFS(sum!J:J,"offer") -> 1 | C9: =B9/$B$5 -> 0.0032467532
A10: offer | B10: =COUNTIFS(sum!J:J,"offer") -> 0 | C10: =B10/$B$5 -> 0
A11: *may be not updated because I forgot to update the "sum" page. See timeline for accurate status of applications
